SET SQL_MODE = "NO_AUTO_VALUE_ON_ZERO";
SET time_zone = "+00:00";


/*!40101 SET @OLD_CHARACTER_SET_CLIENT=@@CHARACTER_SET_CLIENT */;
/*!40101 SET @OLD_CHARACTER_SET_RESULTS=@@CHARACTER_SET_RESULTS */;
/*!40101 SET @OLD_COLLATION_CONNECTION=@@COLLATION_CONNECTION */;
/*!40101 SET NAMES utf8 */;

--
-- Database: `testbot`
--

--
-- Dumping data for table `altertables`
--

INSERT INTO `altertables` (`id`, `statement`) VALUES
(1, 'CREATE TABLE `badWords` (`badWord` varchar(15) NOT NULL,`cost` int(11) NOT NULL DEFAULT ''10'',`counter` int(11) NOT NULL DEFAULT ''0'') ENGINE=InnoDB DEFAULT CHARSET=latin1'),
(2, 'CREATE TABLE `list` (`thing` varchar(255) NOT NULL) ENGINE=MEMORY DEFAULT CHARSET=latin1 COMMENT=''For sorting a list'''),
(3, 'CREATE TABLE `prefabCopies` (`owner` bigint(17) NOT NULL DEFAULT ''0'',`name` varchar(50) NOT NULL DEFAULT '''',`x1` int(11) NOT NULL DEFAULT ''0'',`x2` int(11) NOT NULL DEFAULT ''0'',`y1` int(11) NOT NULL DEFAULT ''0'',`y2` int(11) NOT NULL DEFAULT ''0'',`z1` int(11) NOT NULL DEFAULT ''0'',`z2` int(11) NOT NULL DEFAULT ''0'',`blockName` VARCHAR(50) NOT NULL DEFAULT '''',`rotation` INT NOT NULL DEFAULT ''0'') ENGINE=InnoDB DEFAULT CHARSET=latin1'),
(4, 'ALTER TABLE `prefabCopies` ADD PRIMARY KEY (`owner`,`name`)'),
(5, 'CREATE TABLE `memEntities` (`entityID` bigint(20) NOT NULL,`type` varchar(20) NOT NULL DEFAULT '''',`name` varchar(30) NOT NULL DEFAULT '''',`x` int(11) NOT NULL DEFAULT ''0'',`y` int(11) NOT NULL DEFAULT ''0'',`z` int(11) DEFAULT ''0'',`dead` tinyint(1) NOT NULL DEFAULT ''0'',`health` int(11) NOT NULL DEFAULT ''0'') ENGINE=InnoDB DEFAULT CHARSET=latin1'),
(6, 'ALTER TABLE `memEntities` ADD UNIQUE KEY `entityID` (`entityID`)'),
(7, 'CREATE TABLE `waypoints` (`steam` varchar(17) NOT NULL,`name` varchar(20) NOT NULL,`x` int(11) NOT NULL DEFAULT ''0'',`y` int(11) NOT NULL DEFAULT ''0'',`z` int(11) NOT NULL DEFAULT ''0'',`shared` int(11) NOT NULL DEFAULT ''0'') ENGINE=InnoDB DEFAULT CHARSET=latin1'),
(8, 'ALTER TABLE `waypoints` ADD PRIMARY KEY (`steam`,`name`)'),
(9, 'CREATE TABLE `gimmeZombies` (`zombie` varchar(50) NOT NULL,`minPlayerLevel` int(11) NOT NULL DEFAULT ''1'',`minArenaLevel` int(11) NOT NULL DEFAULT ''1'') ENGINE=InnoDB DEFAULT CHARSET=latin1'),
(10, 'ALTER TABLE `gimmeZombies` ADD PRIMARY KEY (`zombie`)'),
(11, 'CREATE TABLE `miscQueue` (`id` bigint(20) NOT NULL,`steam` bigint(17) NOT NULL,`command` varchar(100) NOT NULL,`action` varchar(15) NOT NULL,`value` int(11) NOT NULL DEFAULT ''0'') ENGINE=MEMORY DEFAULT CHARSET=utf8'),
(12, 'ALTER TABLE `miscQueue` ADD PRIMARY KEY (`id`)'),
(13, 'CREATE TABLE `customCommands` (`commandID` int(11) NOT NULL, `command` varchar(50) NOT NULL, `accessLevel` int(11) NOT NULL DEFAULT ''2'', `help` varchar(255) NOT NULL) ENGINE=InnoDB DEFAULT CHARSET=latin1'),
(14, 'ALTER TABLE `customCommands` ADD PRIMARY KEY (`commandID`)'),
(15, 'CREATE TABLE `whitelist` (`steam` varchar(17) NOT NULL) ENGINE=InnoDB DEFAULT CHARSET=latin1'),
(16, 'ALTER TABLE `whitelist` ADD PRIMARY KEY (`steam`)'),
(17, 'CREATE TABLE `otherEntities` (`entity` varchar(50) NOT NULL,`entityID` int(11) NOT NULL DEFAULT ''0'',`doNotSpawn` tinyint(4) NOT NULL DEFAULT ''0'') ENGINE=InnoDB DEFAULT CHARSET=latin1'),
(18, 'ALTER TABLE `otherEntities` ADD PRIMARY KEY (`entity`)'),
(19, 'ALTER TABLE `players` ADD COLUMN `waypoint2X` INT NOT NULL DEFAULT ''0'' , ADD COLUMN `waypoint2Y` INT NOT NULL DEFAULT ''0'' , ADD COLUMN `waypoint2Z` INT NOT NULL DEFAULT ''0'', ADD COLUMN `waypointsLinked` TINYINT(1) NOT NULL DEFAULT ''0'''),
(20, 'ALTER TABLE `players` ADD COLUMN `ircMute` TINYINT(1) NOT NULL DEFAULT ''0'''),
(21, 'ALTER TABLE `players` ADD COLUMN `chatColour` VARCHAR(8) NOT NULL DEFAULT '''''),
(22, 'ALTER TABLE `players` ADD COLUMN `teleCooldown` INT NOT NULL DEFAULT ''0'''),
(23, 'ALTER TABLE `players` ADD COLUMN `reserveSlot` TINYINT NOT NULL DEFAULT ''0'''),
(24, 'ALTER TABLE `players` ADD COLUMN `prisonReleaseTime` INT NOT NULL DEFAULT ''0'''),
(25, 'ALTER TABLE `players` ADD COLUMN `maxWaypoints` INT NOT NULL DEFAULT ''2'''),
(26, 'ALTER TABLE `players` ADD COLUMN ircLogin varchar(20) NOT NULL DEFAULT '''''),
(27, 'ALTER TABLE `players` ADD COLUMN `waypointCooldown` INT NOT NULL DEFAULT ''0'''),
(28, 'ALTER TABLE `players` CHANGE `location` `location` VARCHAR(15) CHARACTER SET utf8 COLLATE utf8_general_ci NULL DEFAULT '''', CHANGE `maxWaypoints` `maxWaypoints` INT(11) NOT NULL DEFAULT ''2'''),
(29, 'ALTER TABLE `players` ADD `bail` INT NOT NULL DEFAULT ''0'''),
(30, 'ALTER TABLE `players` ADD `watchPlayerTimer` INT(11) NOT NULL DEFAULT ''0'''),
(31, 'ALTER TABLE `players` ADD `hackerScore` INT NOT NULL DEFAULT ''0'''),
(32, 'ALTER TABLE `server` ADD COLUMN `teleportCost` INT NOT NULL DEFAULT ''200'''),
(33, 'ALTER TABLE `server` ADD COLUMN `ircPrivate` TINYINT(1) NOT NULL DEFAULT ''0'''),
(34, 'ALTER TABLE `server` ADD COLUMN `waypointsPublic` TINYINT(1) NOT NULL DEFAULT ''0'''),
(35, 'ALTER TABLE `server` ADD COLUMN `waypointCost` INT NOT NULL DEFAULT ''0'''),
(36, 'ALTER TABLE `server` ADD COLUMN `waypointCooldown` INT NOT NULL DEFAULT ''0'''),
(37, 'ALTER TABLE `server` ADD COLUMN `waypointCreateCost` INT NOT NULL DEFAULT ''0'''),
(38, 'ALTER TABLE `server` ADD COLUMN `alertColour` VARCHAR(6) NOT NULL DEFAULT ''DC143C'''),
(39, 'ALTER TABLE `server` ADD COLUMN `warnColour` VARCHAR(6) NOT NULL DEFAULT ''FFA500'''),
(40, 'ALTER TABLE `server` ADD COLUMN `swearFine` INT NOT NULL DEFAULT ''5'''),
(41, 'ALTER TABLE `server` ADD COLUMN `commandPrefix` VARCHAR(1) NOT NULL DEFAULT ''/'''),
(42, 'ALTER TABLE `server` ADD COLUMN `chatlogPath` VARCHAR(200) NOT NULL DEFAULT '''''),
(43, 'ALTER TABLE `server` ADD COLUMN `botVersion` VARCHAR(11) NOT NULL DEFAULT '''''),
(44, 'ALTER TABLE `server` ADD COLUMN `packCost` INT NOT NULL DEFAULT ''0'''),
(45, 'ALTER TABLE `server` ADD COLUMN `baseCost` INT NOT NULL DEFAULT ''0'''),
(46, 'ALTER TABLE `server` ADD COLUMN `rebootHour` INT NOT NULL DEFAULT ''-1'''),
(47, 'ALTER TABLE `server` ADD COLUMN `rebootMinute` INT NOT NULL DEFAULT ''0'''),
(48, 'ALTER TABLE `server` ADD COLUMN `maxPrisonTime` INT NOT NULL DEFAULT ''-1'''),
(49, 'ALTER TABLE `server` ADD COLUMN `bailCost` INT NOT NULL DEFAULT ''0'''),
(50, 'ALTER TABLE `server` ADD COLUMN `maxWaypoints` INT NOT NULL DEFAULT ''2'''),
(51, 'ALTER TABLE `server` ADD COLUMN `teleportPublicCost` INT NOT NULL DEFAULT ''0'''),
(52, 'ALTER TABLE `server` ADD COLUMN `teleportPublicCooldown` INT NOT NULL DEFAULT ''0'''),
(53, 'ALTER TABLE `server` ADD COLUMN `reservedSlots` INT NOT NULL DEFAULT ''0'''),
(54, 'ALTER TABLE `server` ADD COLUMN `allowReturns` TINYINT(1) NOT NULL DEFAULT ''1'''),
(55, 'ALTER TABLE `server` ADD COLUMN `scanNoclip` TINYINT(1) NOT NULL DEFAULT ''1'''),
(56, 'ALTER TABLE `server` ADD COLUMN `scanEntities` TINYINT(1) NOT NULL DEFAULT ''0'''),
(57, 'ALTER TABLE `server` ADD COLUMN `CBSMFriendly` TINYINT(1) NOT NULL DEFAULT ''1'''),
(58, 'ALTER TABLE `server` ADD COLUMN `scanErrors` TINYINT(1) NOT NULL DEFAULT ''0'''),
(59, 'ALTER TABLE `server` ADD COLUMN disableTPinPVP TINYINT(1) NOT NULL DEFAULT ''0'''),
(60, 'ALTER TABLE `server` ADD COLUMN `ServerToolsDetected` TINYINT(1) NOT NULL DEFAULT ''0'''),
(61, 'ALTER TABLE `server` CHANGE `moneyName` `moneyName` VARCHAR(20) CHARACTER SET utf8 COLLATE utf8_general_ci NOT NULL DEFAULT ''Zenny|Zennies'''),
(62, 'ALTER TABLE `server` CHANGE rules VARCHAR(500) NOT NULL DEFAULT ''A zombie ate the server rules! Tell an admin.'''),
(63, 'ALTER TABLE `server` ADD `updateBot` INT(1) NOT NULL DEFAULT ''0'' COMMENT ''0 do not update, 1 stable branch, 2 testing branch'''),
(64, 'ALTER TABLE `server` ADD `alertSpending` TINYINT(1) NOT NULL DEFAULT ''0'''),
(65, 'ALTER TABLE `server` ADD `GBLBanThreshold` INT NOT NULL DEFAULT ''0'''),
(66, 'ALTER TABLE `friends` ADD `autoAdded` TINYINT(1) NOT NULL DEFAULT ''0'''),
(67, 'ALTER TABLE `hotspots` ADD `action` VARCHAR(10) NOT NULL DEFAULT '''''),
(68, 'ALTER TABLE `hotspots` ADD `destination` VARCHAR(20) NOT NULL DEFAULT '''''),
(69, 'ALTER TABLE `inventoryChanges` ADD `flag` VARCHAR(3) DEFAULT '''''),
(70, 'ALTER TABLE `donors` CHANGE `donorExpiry` `donorExpiry` INT(11) NULL DEFAULT NULL'),
(71, 'ALTER TABLE `gimmePrizes` ADD `quality` INT NOT NULL DEFAULT ''0'''),
(72, 'ALTER TABLE `gimmeZombies` ADD `entityID` INT NOT NULL DEFAULT ''0'''),
(73, 'ALTER TABLE `gimmeZombies` ADD `bossZombie` TINYINT(1) NOT NULL DEFAULT ''0'''),
(74, 'ALTER TABLE `gimmeZombies` ADD `doNotSpawn` TINYINT NOT NULL DEFAULT ''0'''),
(75, 'ALTER TABLE `gimmeZombies` ADD `maxHealth` INT NOT NULL DEFAULT ''0'''),
(76, 'ALTER TABLE `memShop` CHANGE `item` `item` VARCHAR(50) CHARACTER SET utf8 COLLATE utf8_general_ci NOT NULL'),
(77, 'ALTER TABLE `locations` ADD `timeOpen` INT NOT NULL DEFAULT ''0'' , ADD `timeClosed` INT NOT NULL DEFAULT ''0'''),
(78, 'ALTER TABLE `miscQueue` CHANGE `command` `command` VARCHAR(255) CHARACTER SET utf8 COLLATE utf8_general_ci NOT NULL'),
(79, 'ALTER TABLE `miscQueue` CHANGE `id` `id` BIGINT( 20 ) NOT NULL AUTO_INCREMENT'),
(81, 'ALTER TABLE `server` CHANGE `shopCountdown` `shopCountdown` INT NOT NULL DEFAULT ''0'),
(82, 'ALTER TABLE `server` CHANGE `shopCountdown` `shopCountdown` INT NOT NULL DEFAULT ''0'''),
(83, 'ALTER TABLE `server` ADD `lastBotsMessageID` INT NOT NULL DEFAULT ''0'' , ADD `lastBotsMessageTimestamp` TIMESTAMP NOT NULL DEFAULT CURRENT_TIMESTAMP'),
(84, 'ALTER TABLE `server` ADD `gimmeZombies` TINYINT(1) NOT NULL DEFAULT ''1'''),
(85, 'CREATE TABLE IF NOT EXISTS `helpCommands` (`commandID` int(11) NOT NULL AUTO_INCREMENT,`command` varchar(255) NOT NULL,`description` varchar(255) NOT NULL,`notes` text NOT NULL,`keywords` varchar(150) NOT NULL,`lastUpdate` timestamp NOT NULL DEFAULT CURRENT_TIMESTAMP,`accessLevel` int(11) NOT NULL DEFAULT ''99'',`ingameOnly` tinyint(1) NOT NULL DEFAULT ''0'', PRIMARY KEY (`commandID`)) ENGINE=InnoDB DEFAULT CHARSET=latin1'),
(86, 'ALTER TABLE `server` ADD `allowProxies` TINYINT(1) NOT NULL DEFAULT ''0'''),
(87, 'ALTER TABLE `locations` ADD `allowWaypoints` TINYINT(1) NOT NULL DEFAULT ''1'' , ADD `allowReturns` TINYINT(1) NOT NULL DEFAULT ''1'', ADD `allowLeave` TINYINT(1) NOT NULL DEFAULT ''1'''),
(88, 'CREATE TABLE `prefabCopies` (`owner` bigint(17) NOT NULL DEFAULT ''0'',`name` varchar(50) NOT NULL DEFAULT '''',`x1` int(11) NOT NULL DEFAULT ''0'',`x2` int(11) NOT NULL DEFAULT ''0'',`y1` int(11) NOT NULL DEFAULT ''0'',`y2` int(11) NOT NULL DEFAULT ''0'',`z1` int(11) NOT NULL DEFAULT ''0'',`z2` int(11) NOT NULL DEFAULT ''0'',`blockName` VARCHAR(50) NOT NULL DEFAULT '''',`rotation` INT NOT NULL DEFAULT ''0'', PRIMARY KEY (`owner`,`name`)) ENGINE=InnoDB DEFAULT CHARSET=latin1'),
(89, 'CREATE TABLE `memEntities` (`entityID` bigint(20) NOT NULL,`type` varchar(20) NOT NULL DEFAULT '''',`name` varchar(30) NOT NULL DEFAULT '''',`x` int(11) NOT NULL DEFAULT ''0'',`y` int(11) NOT NULL DEFAULT ''0'',`z` int(11) DEFAULT ''0'',`dead` tinyint(1) NOT NULL DEFAULT ''0'',`health` int(11) NOT NULL DEFAULT ''0'', PRIMARY KEY (`entityID`)) ENGINE=InnoDB DEFAULT CHARSET=latin1'),
(90, 'CREATE TABLE `waypoints` (`steam` varchar(17) NOT NULL,`name` varchar(20) NOT NULL,`x` int(11) NOT NULL DEFAULT ''0'',`y` int(11) NOT NULL DEFAULT ''0'',`z` int(11) NOT NULL DEFAULT ''0'',`shared` int(11) NOT NULL DEFAULT ''0'', PRIMARY KEY (`steam`,`name`)) ENGINE=InnoDB DEFAULT CHARSET=latin1'),
(91, 'CREATE TABLE `gimmeZombies` (`zombie` varchar(50) NOT NULL,`minPlayerLevel` int(11) NOT NULL DEFAULT ''1'',`minArenaLevel` int(11) NOT NULL DEFAULT ''1'', PRIMARY KEY (`zombie`)) ENGINE=InnoDB DEFAULT CHARSET=latin1'),
(92, 'CREATE TABLE `miscQueue` (`id` bigint(20) NOT NULL AUTO_INCREMENT,`steam` bigint(17) NOT NULL,`command` varchar(100) NOT NULL,`action` varchar(15) NOT NULL,`value` int(11) NOT NULL DEFAULT ''0'', PRIMARY KEY (`id`)) ENGINE=MEMORY DEFAULT CHARSET=utf8'),
(93, 'CREATE TABLE `customCommands` (`commandID` int(11) NOT NULL AUTO_INCREMENT, `command` varchar(50) NOT NULL, `accessLevel` int(11) NOT NULL DEFAULT ''2'', `help` varchar(255) NOT NULL, PRIMARY KEY (`commandID`)) ENGINE=InnoDB DEFAULT CHARSET=latin1'),
(94, 'CREATE TABLE `whitelist` (`steam` varchar(17) NOT NULL, PRIMARY KEY (`steam`)) ENGINE=InnoDB DEFAULT CHARSET=latin1'),
(95, 'CREATE TABLE `otherEntities` (`entity` varchar(50) NOT NULL,`entityID` int(11) NOT NULL DEFAULT ''0'',`doNotSpawn` tinyint(4) NOT NULL DEFAULT ''0'', PRIMARY KEY (`entity`)) ENGINE=InnoDB DEFAULT CHARSET=latin1'),
(96, 'CREATE TABLE IF NOT EXISTS `helpTopicCommands` (`topicID` int(11) NOT NULL,`commandID` int(11) NOT NULL, PRIMARY KEY (`topicID`, `commandID`)) ENGINE=InnoDB DEFAULT CHARSET=latin1'),
(97, 'CREATE TABLE IF NOT EXISTS `helpTopics` (`topicID` int(11) NOT NULL AUTO_INCREMENT,`topic` varchar(20) NOT NULL,`description` varchar(200) NOT NULL, PRIMARY KEY (`topicID`)) ENGINE=InnoDB DEFAULT CHARSET=latin1'),
(98, 'ALTER TABLE `server` ADD `SDXDetected` TINYINT(1) NOT NULL DEFAULT ''0'''),
(99, 'ALTER TABLE `server` ADD `enableWindowMessages` TINYINT(1) NOT NULL DEFAULT ''0'''),
(100, 'ALTER TABLE `server` ADD `updateBranch` VARCHAR(7) NOT NULL DEFAULT ''stable'''),
(101, 'ALTER TABLE `locations` ADD `newPlayersOnly` TINYINT(1) NOT NULL DEFAULT ''0'''),
(103, 'ALTER TABLE `locations` ADD `minimumLevel` INT NOT NULL DEFAULT ''0'', ADD `maximumLevel` INT NOT NULL DEFAULT ''0'''),
(104, 'ALTER TABLE `locations` ADD `minimumLevel` INT NOT NULL DEFAULT ''0'', ADD `maximumLevel` INT NOT NULL DEFAULT ''0'', ADD `dayClosed` INT NOT NULL DEFAULT ''0'''),
(105, 'ALTER TABLE `server` ADD `chatColourNewPlayer` VARCHAR(6) NOT NULL DEFAULT ''FFFFFF'' , ADD `chatColourPlayer` VARCHAR(6) NOT NULL DEFAULT ''FFFFFF'' , ADD `chatColourDonor` VARCHAR(6) NOT NULL DEFAULT ''FFFFFF'' , ADD `chatColourPrisoner` VARCHAR(6) NOT NULL DEFAULT ''FFFFFF'' , ADD `chatColourMod` VARCHAR(6) NOT NULL DEFAULT ''FFFFFF'' , ADD `chatColourAdmin` VARCHAR(6) NOT NULL DEFAULT ''FFFFFF'' , ADD `chatColourOwner` VARCHAR(6) NOT NULL DEFAULT ''FFFFFF''');

--
-- Dumping data for table `badItems`
--

INSERT INTO `badItems` (`item`, `action`) VALUES
('apacheArtifactChest', 'timeout'),
('artcube', 'timeout'),
('bedrock', 'ban'),
('bedrockBlock', 'ban'),
('cashRegister', 'timeout'),
('concreteReinforced', 'timeout'),
('lootCrateShamway', 'exile'),
('lootCrateShotgunMessiah', 'exile'),
('lootCrateWorkingStiffs', 'exile'),
('metalReinforcedDoorWooden', 'timeout'),
('mountainManStorageChest ', 'timeout'),
('reinforcedCobblestone', 'timeout'),
('reinforcedMetalTrunk', 'timeout'),
('reinforcedMetalWoodTrunk', 'timeout'),
('reinforcedScrapIronWall', 'timeout'),
('reinforcedTrunkPineTip', 'timeout'),
('reinforcedWoodMetal', 'timeout'),
('sandstorm', 'exile'),
('secureReinforcedDoorWooden', 'exile'),
('smokestorm', 'exile'),
('snowstorm1', 'exile'),
('steeldoor1_v1', 'timeout'),
('steeldoor1_v2', 'timeout'),
('steeldoor1_v3', 'timeout'),
('supplyCrateShamway', 'exile'),
('supplyCrateShotgunMessiah', 'exile'),
('supplyCrateWorkingStiffs', 'exile'),
('waterSource8', 'ban');

--
-- Dumping data for table `gimmePrizes`
--

INSERT INTO `gimmePrizes` (`name`, `category`, `prizeLimit`, `quality`) VALUES
('airConditioner', 'misc', 1, 0),
('airFilter', 'misc', 1, 0),
('aloeCream', 'health', 10, 0),
('ammunitionNationBook', 'book', 1, 0),
('antibiotics', 'health', 4, 0),
('baconAndEggs', 'food', 10, 0),
('bakedPotato', 'food', 10, 0),
('ballCap', 'clothes', 1, 0),
('bandana', 'clothes', 1, 0),
('bandanaBlack', 'clothes', 1, 0),
('bandanaBlue', 'clothes', 1, 0),
('bandanaBrown', 'clothes', 1, 0),
('bandanaGreen', 'clothes', 1, 0),
('bandanaRed', 'clothes', 1, 0),
('barbedFence', 'misc', 5, 0),
('barrelSmokeTest', 'misc', 4, 0),
('beer', 'food', 24, 0),
('beerCooler', 'misc', 1, 0),
('bin', 'misc', 1, 0),
('bioFuel', 'misc', 10, 0),
('birdnest', 'misc', 5, 0),
('blackDenimPants', 'clothes', 1, 0),
('bloodBag', 'health', 4, 0),
('bloodDrawKit', 'health', 2, 0),
('blueberryPie', 'food', 3, 0),
('boneShiv', 'weapon', 1, 0),
('bowl', 'misc', 1, 0),
('brickBlock', 'misc', 10, 0),
('brownDenimPants', 'clothes', 1, 0),
('bucket', 'tool', 1, 0),
('cactus01', 'misc', 5, 0),
('cactus02', 'misc', 5, 0),
('cactus03', 'misc', 5, 0),
('camoNet', 'misc', 10, 0),
('canCatfood', 'food', 10, 0),
('candle', 'misc', 6, 0),
('canDogfood', 'food', 10, 0),
('canMiso', 'food', 3, 0),
('canPasta', 'food', 3, 0),
('canPears', 'food', 3, 0),
('canStock', 'food', 3, 0),
('carBattery', 'misc', 1, 0),
('Carpet1Block', 'misc', 5, 0),
('chair01', 'misc', 3, 0),
('chaulkboard', 'misc', 1, 0),
('clothBoots', 'clothes', 1, 0),
('clothGloves', 'clothes', 1, 0),
('clothHat', 'clothes', 1, 0),
('clothJacket', 'clothes', 1, 0),
('clothPants', 'clothes', 1, 0),
('cntOven', 'misc', 1, 0),
('coalOre', 'misc', 5, 0),
('coffee', 'food', 15, 0),
('coffeeBeans', 'food', 20, 0),
('coldBeer', 'misc', 12, 0),
('cookingGrill', 'misc', 1, 0),
('corn', 'food', 1, 0),
('cornBread', 'food', 20, 0),
('cornMeal', 'food', 20, 0),
('cornOnTheCob', 'food', 20, 0),
('cornSeed', 'food', 20, 0),
('corpseLoot01', 'misc', 1, 0),
('cowboyHat', 'clothes', 1, 0),
('denimJacket', 'clothes', 1, 0),
('denimPants', 'clothes', 1, 0),
('dirt', 'misc', 50, 0),
('doNotUse', 'misc', 1, 0),
('doorKnob', 'misc', 5, 0),
('driftwood', 'misc', 10, 0),
('drywall', 'misc', 3, 0),
('egg', 'food', 5, 0),
('eggboiled', 'food', 5, 0),
('endTable', 'misc', 2, 0),
('faucet02', 'misc', 3, 0),
('faucetBrass02', 'misc', 3, 0),
('femur', 'weapon', 20, 0),
('fireaxeSteel', 'weapon', 1, -1),
('firstAidKit', 'health', 3, 0),
('flashlight01', 'misc', 1, 0),
('foodHoney', 'food', 4, 0),
('foodYuccaFruit', 'food', 10, 0),
('foodYuccaJuice', 'food', 5, 0),
('footballHelmet', 'clothes', 1, 0),
('fountain', 'misc', 1, 0),
('gasCan', 'misc', 5, 0),
('goldenRodTea', 'food', 15, 0),
('grainAlcohol', 'food', 1, 0),
('graniteSink', 'misc', 1, 0),
('gun44Magnum', 'weapon', 1, -1),
('gunPistol', 'weapon', 1, -1),
('gunPumpShotgun', 'weapon', 1, -1),
('gunSniperRifle', 'weapon', 1, -1),
('hammer', 'tool', 1, 0),
('hive', 'misc', 1, 0),
('hoeIron', 'tool', 1, 0),
('huntingKnife', 'weapon', 1, -1),
('ice', 'misc', 1, 0),
('ironBoots', 'clothes', 1, -1),
('ironChestArmor', 'clothes', 1, -1),
('ironGloves', 'clothes', 1, -1),
('ironHelmet', 'clothes', 1, -1),
('ironLegArmor', 'clothes', 1, -1),
('kevlarHelmet', 'clothes', 1, -1),
('LCDScreen', 'misc', 2, 0),
('leatherBoots', 'clothes', 1, -1),
('leatherGloves', 'clothes', 1, -1),
('leatherHat', 'clothes', 1, -1),
('leatherJacket', 'clothes', 1, -1),
('leatherPants', 'clothes', 1, -1),
('macDyverBook', 'book', 1, 0),
('mailbox', 'misc', 1, 0),
('meatStew', 'food', 3, 0),
('medicineCabinet', 'misc', 1, 0),
('miningHelmet', 'clothes', 1, -1),
('moldyBread', 'food', 3, 0),
('munitionsBox', 'misc', 1, 0),
('nailgun', 'misc', 1, 0),
('nightstand', 'misc', 1, 0),
('officeChair01', 'misc', 1, 0),
('oilBarrel', 'misc', 1, 0),
('oldChair', 'misc', 1, 0),
('painkillers', 'food', 5, 0),
('painting01', 'misc', 1, 0),
('painting02', 'misc', 1, 0),
('pickaxeSteel', 'tool', 1, -1),
('pipeBomb', 'weapon', 3, 0),
('pistolBook', 'book', 1, 0),
('plaidShirt', 'clothes', 1, 0),
('plaidShirtBlack', 'clothes', 1, 0),
('plaidShirtBlue', 'clothes', 1, 0),
('plaidShirtBrown', 'clothes', 1, 0),
('plaidShirtGreen', 'clothes', 1, 0),
('plaidShirtRed', 'clothes', 1, 0),
('plantFiberPants', 'clothes', 1, 0),
('potato', 'food', 20, 0),
('radiator', 'misc', 1, 0),
('redDenimPants', 'clothes', 1, 0),
('rottingFlesh', 'food', 10, 0),
('rug01Block', 'misc', 1, 0),
('sandbagsBlock', 'misc', 5, 0),
('scrapBoots', 'clothes', 1, -1),
('scrapBrass', 'misc', 5, 0),
('scrapChestArmor', 'clothes', 1, -1),
('scrapGloves', 'clothes', 1, -1),
('scrapHelmet', 'clothes', 1, -1),
('scrapLegArmor', 'clothes', 1, -1),
('shades', 'clothes', 1, 0),
('shamSandwich', 'food', 20, 0),
('shovelSteel', 'tool', 1, -1),
('signcamping', 'misc', 1, 0),
('signnohazardouswaste', 'misc', 1, 0),
('signRoadSlow', 'misc', 1, 0),
('signRoadStop', 'misc', 1, 0),
('skullCap', 'clothes', 1, 0),
('skullCapBlack', 'clothes', 1, 0),
('skullCapBlue', 'clothes', 1, 0),
('skullCapBrown', 'clothes', 1, 0),
('skullCapGreen', 'clothes', 1, 0),
('skullCapRed', 'clothes', 1, 0),
('sledgehammer', 'tool', 1, -1),
('suitcase', 'misc', 1, 0),
('tankTopBlue', 'clothes', 1, 0),
('tankTopGreen', 'clothes', 1, 0),
('tankTopPurple', 'clothes', 1, 0),
('tankTopRed', 'clothes', 1, 0),
('tankTopWhite', 'clothes', 1, 0),
('theEnforcerMagazine', 'book', 1, 0),
('tire', 'misc', 3, 0),
('toilet01', 'misc', 1, 0),
('toilet02', 'misc', 1, 0),
('toilet03', 'misc', 1, 0),
('trash_can01', 'misc', 1, 0),
('trophy', 'misc', 3, 0),
('trophy2', 'misc', 3, 0),
('trophy3', 'misc', 3, 0),
('vegetableStew', 'food', 4, 0),
('vitamins', 'food', 5, 0),
('wallOven', 'misc', 1, 0),
('weaponRepairKit', 'tool', 5, 0),
('wornBoots', 'clothes', 1, 0),
('wrench', 'tool', 1, 0);

--
-- Dumping data for table `shop`
--

INSERT INTO `shop` (`item`, `category`, `price`, `stock`, `idx`, `maxStock`, `variation`, `special`) VALUES
('10mmBullet', 'ammo', 3, 500, 1, 500, 0, 0),
('44MagBullet', 'ammo', 3, 60, 2, 60, 0, 0),
('762mmBullet', 'ammo', 3, 500, 3, 500, 0, 0),
('9mmBullet', 'ammo', 3, 500, 4, 500, 0, 0),
('antibiotics', 'medic', 100, 10, 1, 10, 0, 0),
('asphalt', 'housing', 3, 2000, 1, 2000, 0, 0),
('baconAndEggs', 'food', 30, 10, 1, 10, 0, 0),
('beaker', 'medic', 300, 5, 2, 5, 0, 0),
('beer', 'food', 10, 20, 2, 20, 0, 0),
('blueberrySeed', 'garden', 75, 10, 1, 10, 0, 0),
('calipers', 'misc', 100, 35, 1, 35, 0, 0),
('carBattery', 'machine', 120, 100, 1, 100, 0, 0),
('coffee', 'food', 30, 10, 3, 10, 0, 0),
('coffeeBeans', 'garden', 50, 10, 2, 10, 0, 0),
('concreteMix', 'housing', 8, 2000, 2, 2000, 0, 0),
('cornSeed', 'garden', 40, 10, 3, 10, 0, 0),
('emberpile1', 'housing', 5, 2000, 3, 2000, 0, 0),
('emberpile2', 'housing', 5, 2000, 4, 2000, 0, 0),
('firstAidBandage', 'medic', 50, 10, 3, 10, 0, 0),
('firstAidKit', 'medic', 100, 50, 4, 50, 0, 0),
('firstAidKitSchematic', 'books', 125, 5, 1, 5, 0, 0),
('foodHoney', 'food', 25, 100, 4, 100, 0, 0),
('gasCan', 'misc', 8, 200, 2, 200, 0, 0),
('glue', 'misc', 5, 500, 3, 500, 0, 0),
('goldenRodTea', 'food', 35, 10, 5, 10, 0, 0),
('gravel', 'misc', 3, 10000, 4, 10000, 0, 0),
('keystoneBlock', 'misc', 1000, 10, 1, 10, 0, 0),
('leatherDuster', 'clothing', 400, 50, 1, 50, 0, 0),
('meatStew', 'food', 50, 18, 6, 18, 0, 0),
('minibikesForDumbshits', 'books', 300, 50, 2, 50, 0, 0),
('miningHelmet', 'misc', 125, 5, 2, 5, 0, 0),
('nailgun', 'housing', 175, 10, 5, 10, 0, 0),
('painkillers', 'medic', 25, 13, 5, 13, 0, 0),
('partsAuger_blade', 'machine', 150, 100, 2, 100, 0, 0),
('partsAuger_parts', 'machine', 150, 100, 3, 100, 0, 0),
('partsChainsaw_blade', 'machine', 150, 100, 4, 100, 0, 0),
('partsChainsaw_parts', 'machine', 150, 100, 5, 100, 0, 0),
('potatoSeed', 'garden', 50, 10, 4, 10, 0, 0),
('repairKit', 'ammo', 25, 10, 5, 10, 0, 0),
('shotgunShell', 'ammo', 3, 500, 6, 500, 0, 0),
('shotgunSlug', 'ammo', 13, 5000, 7, 5000, 0, 0),
('smallEngine', 'machine', 180, 100, 6, 100, 0, 0),
('toolAndDieSet', 'misc', 120, 35, 5, 35, 0, 0),
('vitamins', 'medic', 40, 10, 6, 10, 0, 0);

--
-- Dumping data for table `shopCategories`
--

INSERT INTO `shopCategories` (`category`, `idx`, `code`) VALUES
('ammo', 6, 'a'),
('books', 10, 'b'),
('clothing', 1, 'cl'),
('food', 10, 'f'),
('garden', 5, 'g'),
('housing', 1, 'h'),
('machine', 1, 'ma'),
('medic', 8, 'm'),
('misc', 1, 'mis');

/*!40101 SET CHARACTER_SET_CLIENT=@OLD_CHARACTER_SET_CLIENT */;
/*!40101 SET CHARACTER_SET_RESULTS=@OLD_CHARACTER_SET_RESULTS */;
/*!40101 SET COLLATION_CONNECTION=@OLD_COLLATION_CONNECTION */;
